Metric,Score (%)
Accuracy,90.09468317552805
Precision,63.270142180094794
Recall,28.771551724137932
F1 Score,39.55555555555556
ROC-AUC,81.23407206707864
