Top % Customers,Customers,Responders,Response Rate (%)
10,823,448,54.434993924665854
20,1647,622,37.76563448694596
30,2471,682,27.600161877782277
100,8238,928,11.264870114105365
